<?xml version="1.0" encoding="utf-8" standalone="yes"?><rss version="2.0" xmlns:atom="http://www.w3.org/2005/Atom"><channel><title>Daman-Games-Latest on Daman Games</title><link>https://daman-game.world/tag/daman-games-latest/</link><description>Recent content in Daman-Games-Latest on Daman Games</description><generator>Hugo</generator><language>en-IN</language><lastBuildDate>Mon, 09 Jun 2025 00:15:00 +0700</lastBuildDate><atom:link href="https://daman-game.world/tag/daman-games-latest/index.xml" rel="self" type="application/rss+xml"/><item><title>Complete Daman Games Registration Guide 2025</title><link>https://daman-game.world/register-daman-games/</link><pubDate>Mon, 09 Jun 2025 00:15:00 +0700</pubDate><guid>https://daman-game.world/register-daman-games/</guid><description>&lt;p>&lt;strong>Register for Daman Games Today&lt;/strong>&lt;/p>
&lt;h2 id="indias-premier-gaming-platform---get-started-in-minutes">India&amp;rsquo;s Premier Gaming Platform - Get Started in Minutes&lt;/h2>
&lt;p>&lt;strong>Ready to join millions of players?&lt;/strong> Daman Games offers the most exciting gaming experience in India with instant rewards and secure gameplay.&lt;/p>
&lt;p>&lt;a href="https://daman-game.world">&lt;strong>REGISTER NOW&lt;/strong>&lt;/a> | &lt;a href="https://daman-game.world">&lt;strong>PLAY GAMES&lt;/strong>&lt;/a>&lt;/p>
&lt;hr>
&lt;h2 id="why-choose-daman-games">Why Choose Daman Games?&lt;/h2>
&lt;p>Daman Games has become India&amp;rsquo;s most trusted online gaming platform, offering an incredible variety of games and unmatched security. Here&amp;rsquo;s why millions of players choose us:&lt;/p></description></item></channel></rss>