<?xml version="1.0" encoding="utf-8" standalone="yes"?><rss version="2.0" xmlns:atom="http://www.w3.org/2005/Atom"><channel><title>Tags on Daman Games</title><link>https://daman-game.world/tags/</link><description>Recent content in Tags on Daman Games</description><generator>Hugo</generator><language>en-IN</language><lastBuildDate>Mon, 09 Jun 2025 00:15:00 +0700</lastBuildDate><atom:link href="https://daman-game.world/tags/index.xml" rel="self" type="application/rss+xml"/><item><title>Daman-Account</title><link>https://daman-game.world/tag/daman-account/</link><pubDate>Mon, 09 Jun 2025 00:15:00 +0700</pubDate><guid>https://daman-game.world/tag/daman-account/</guid><description/></item><item><title>Daman-Bonus</title><link>https://daman-game.world/tag/daman-bonus/</link><pubDate>Mon, 09 Jun 2025 00:15:00 +0700</pubDate><guid>https://daman-game.world/tag/daman-bonus/</guid><description/></item><item><title>Daman-Games-Latest</title><link>https://daman-game.world/tag/daman-games-latest/</link><pubDate>Mon, 09 Jun 2025 00:15:00 +0700</pubDate><guid>https://daman-game.world/tag/daman-games-latest/</guid><description/></item><item><title>Daman-Games-Register</title><link>https://daman-game.world/tag/daman-games-register/</link><pubDate>Mon, 09 Jun 2025 00:15:00 +0700</pubDate><guid>https://daman-game.world/tag/daman-games-register/</guid><description/></item><item><title>Daman-Guide</title><link>https://daman-game.world/tag/daman-guide/</link><pubDate>Mon, 09 Jun 2025 00:15:00 +0700</pubDate><guid>https://daman-game.world/tag/daman-guide/</guid><description/></item></channel></rss>