<?xml version="1.0" encoding="utf-8" standalone="yes"?><rss version="2.0" xmlns:atom="http://www.w3.org/2005/Atom"><channel><title>Categories on Daman Games</title><link>https://daman-game.world/categories/</link><description>Recent content in Categories on Daman Games</description><generator>Hugo</generator><language>en-IN</language><lastBuildDate>Mon, 09 Jun 2025 00:15:00 +0700</lastBuildDate><atom:link href="https://daman-game.world/categories/index.xml" rel="self" type="application/rss+xml"/><item><title>Blog</title><link>https://daman-game.world/categories/blog/</link><pubDate>Mon, 09 Jun 2025 00:15:00 +0700</pubDate><guid>https://daman-game.world/categories/blog/</guid><description/></item></channel></rss>